<?xml version="1.0" encoding="UTF-8"?>
<project-private xmlns="http://www.netbeans.org/ns/project-private/1">
    <editor-bookmarks xmlns="http://www.netbeans.org/ns/editor-bookmarks/2" lastBookmarkId="0"/>
    <open-files xmlns="http://www.netbeans.org/ns/projectui-open-files/2">
        <group>
            <file>file:/C:/Users/Tang%20Chun%20Xuan/NetBeansProjects/JavaAssgnSem6/web/retrieve.jsp</file>
            <file>file:/C:/Users/Tang%20Chun%20Xuan/NetBeansProjects/JavaAssgnSem6/src/java/domain/receipt.java</file>
            <file>file:/C:/Users/Tang%20Chun%20Xuan/NetBeansProjects/JavaAssgnSem6/web/Credit.jsp</file>
            <file>file:/C:/Users/Tang%20Chun%20Xuan/NetBeansProjects/JavaAssgnSem6/web/product.html</file>
            <file>file:/C:/Users/Tang%20Chun%20Xuan/NetBeansProjects/JavaAssgnSem6/src/java/servlet/Payment.java</file>
            <file>file:/C:/Users/Tang%20Chun%20Xuan/NetBeansProjects/JavaAssgnSem6/src/java/servlet/CheckOut.java</file>
            <file>file:/C:/Users/Tang%20Chun%20Xuan/NetBeansProjects/JavaAssgnSem6/src/java/servlet/TryForward.java</file>
            <file>file:/C:/Users/Tang%20Chun%20Xuan/NetBeansProjects/JavaAssgnSem6/web/insert.jsp</file>
        </group>
    </open-files>
</project-private>
