<?xml version="1.0" encoding="UTF-8"?>
<project-private xmlns="http://www.netbeans.org/ns/project-private/1">
    <editor-bookmarks xmlns="http://www.netbeans.org/ns/editor-bookmarks/2" lastBookmarkId="0"/>
    <open-files xmlns="http://www.netbeans.org/ns/projectui-open-files/2">
        <group>
            <file>file:/C:/Users/Tang%20Chun%20Xuan/NetBeansProjects/DataStructureAssgn/src/control/TutorMaintenanceUI.java</file>
            <file>file:/C:/Users/Tang%20Chun%20Xuan/NetBeansProjects/DataStructureAssgn/src/entity/Tutor.java</file>
            <file>file:/C:/Users/Tang%20Chun%20Xuan/NetBeansProjects/DataStructureAssgn/src/adt/ArrayList.java</file>
            <file>file:/C:/Users/Tang%20Chun%20Xuan/NetBeansProjects/DataStructureAssgn/src/utility/MessageUI.java</file>
            <file>file:/C:/Users/Tang%20Chun%20Xuan/NetBeansProjects/DataStructureAssgn/src/client/TestTutor.java</file>
        </group>
    </open-files>
</project-private>
